Sektor,Kõrgemal seisev asutus,Registrikood,Üksuse nimi,Üksuse liik,Muudatused
MANUAL_IMPORT,Kliimaministeerium,70003106,Keskkonnainspektsioon,GOV,
MANUAL_IMPORT,Kliimaministeerium,70000800,Lennuamet,GOV,
MANUAL_IMPORT,Narva-Jõesuu Linnavalitsus,75038061,Menetlusteenistus,GOV_KOV,
MANUAL_IMPORT,Tallinna Linnakantselei,75015195,Tallinna Spordi- ja Noorsooamet,GOV_KOV,
MANUAL_IMPORT,Kliimaministeerium,70002414,Veeteede Amet,GOV,
MANUAL_IMPORT,Regionaal- ja Põllumajandusministeerium,70000094,Veterinaar- ja Toiduamet,GOV,
MANUAL_IMPORT,Harju Maavalitsus,70002452,Harju Maavalitsus,GOV_KOV,
MANUAL_IMPORT,Hiiu Maavalitsus,70001834,Hiiu Maavalitsus,GOV_KOV,
MANUAL_IMPORT,Ida-Viru Maavalitsus,70001449,Ida-Viru Maavalitsus,GOV_KOV,
MANUAL_IMPORT,Jõgeva Maavalitsus,70004117,Jõgeva Maavalitsus,GOV_KOV,
MANUAL_IMPORT,Järva Maavalitsus,70001188,Järva Maavalitsus,GOV_KOV,
MANUAL_IMPORT,Lääne Maavalitsus,70004301,Lääne Maavalitsus,GOV_KOV,
MANUAL_IMPORT,Lääne-Viru Maavalitsus,70004714,Lääne-Viru Maavalitsus,GOV_KOV,
MANUAL_IMPORT,Põlva Maavalitsus,70002093,Põlva Maavalitsus,GOV_KOV,
MANUAL_IMPORT,Pärnu Maavalitsus,70000603,Pärnu Maavalitsus,GOV_KOV,
MANUAL_IMPORT,Rapla Maavalitsus,70002880,Rapla Maavalitsus,GOV_KOV,
MANUAL_IMPORT,Saare Maavalitsus,70002006,Saare Maavalitsus,GOV_KOV,
MANUAL_IMPORT,Tartu Maavalitsus,70000622,Tartu Maavalitsus,GOV_KOV,
MANUAL_IMPORT,Valga Maavalitsus,70002727,Valga Maavalitsus,GOV_KOV,
MANUAL_IMPORT,Viljandi Maavalitsus,70002791,Viljandi Maavalitsus,GOV_KOV,
MANUAL_IMPORT,Võru Maavalitsus,70003589,Võru Maavalitsus,GOV_KOV,
MANUAL_IMPORT,Abja Vallavalitsus,75015812,Abja Vallavalitsus,GOV_KOV,
MANUAL_IMPORT,Aegviidu Vallavalitsus,75021480,Aegviidu Vallavalitsus,GOV_KOV,
MANUAL_IMPORT,Ahja Vallavalitsus,75008505,Ahja Vallavalitsus,GOV_KOV,
MANUAL_IMPORT,Alajõe Vallavalitsus,75008321,Alajõe Vallavalitsus,GOV_KOV,
MANUAL_IMPORT,Alatskivi Vallavalitsus,75006233,Alatskivi Vallavalitsus,GOV_KOV,
MANUAL_IMPORT,Albu Vallavalitsus,75004346,Albu Vallavalitsus,GOV_KOV,
MANUAL_IMPORT,Ambla Vallavalitsus,75003329,Ambla Vallavalitsus,GOV_KOV,
MANUAL_IMPORT,Are Vallavalitsus,75004671,Are Vallavalitsus,GOV_KOV,
MANUAL_IMPORT,Aseri Vallavalitsus,75004174,Aseri Vallavalitsus,GOV_KOV,
MANUAL_IMPORT,Audru Vallavalitsus,75014296,Audru Vallavalitsus,GOV_KOV,
MANUAL_IMPORT,Avanduse Vallavalitsus,75012765,Avanduse Vallavalitsus,GOV_KOV,
MANUAL_IMPORT,Avinurme Vallavalitsus,75023935,Avinurme Vallavalitsus,GOV_KOV,
MANUAL_IMPORT,Emmaste Vallavalitsus,75009935,Emmaste Vallavalitsus,GOV_KOV,
MANUAL_IMPORT,Haanja Vallavalitsus,75013003,Haanja Vallavalitsus,GOV_KOV,
MANUAL_IMPORT,Haaslava Vallavalitsus,75008255,Haaslava Vallavalitsus,GOV_KOV,
MANUAL_IMPORT,Halinga Vallavalitsus,75001767,Halinga Vallavalitsus,GOV_KOV,
MANUAL_IMPORT,Halliste Vallavalitsus,75010074,Halliste Vallavalitsus,GOV_KOV,
MANUAL_IMPORT,Hanila Vallavalitsus,75014020,Hanila Vallavalitsus,GOV_KOV,
MANUAL_IMPORT,Helme Vallavalitsus,75004777,Helme Vallavalitsus,GOV_KOV,
MANUAL_IMPORT,Hiiu Vallavalitsus,75038612,Hiiu Vallavalitsus,GOV_KOV,
MANUAL_IMPORT,Hummuli Vallavalitsus,75001187,Hummuli Vallavalitsus,GOV_KOV,
MANUAL_IMPORT,Häädemeeste Vallavalitsus,75000785,Häädemeeste Vallavalitsus,GOV_KOV,
MANUAL_IMPORT,Iisaku Vallavalitsus,75013641,Iisaku Vallavalitsus,GOV_KOV,
MANUAL_IMPORT,Illuka Vallavalitsus,75004843,Illuka Vallavalitsus,GOV_KOV,
MANUAL_IMPORT,Imavere Vallavalitsus,75004866,Imavere Vallavalitsus,GOV_KOV,
MANUAL_IMPORT,Juuru Vallavalitsus,75023786,Juuru Vallavalitsus,GOV_KOV,
MANUAL_IMPORT,Jõgeva Vallavalitsus,75003594,Jõgeva Vallavalitsus,GOV_KOV,
MANUAL_IMPORT,Jõhvi Vallavalitsus,75009444,Jõhvi Vallavalitsus,GOV_KOV,
MANUAL_IMPORT,Järva-Jaani Vallavalitsus,75008261,Järva-Jaani Vallavalitsus,GOV_KOV,
MANUAL_IMPORT,Järvakandi Vallavalitsus,75020998,Järvakandi Vallavalitsus,GOV_KOV,
MANUAL_IMPORT,Kaarma Vallavalitsus,75004145,Kaarma Vallavalitsus,GOV_KOV,
MANUAL_IMPORT,Kabala Vallavalitsus,75004062,Kabala Vallavalitsus,GOV_KOV,
MANUAL_IMPORT,Kaisma Vallavalitsus,75001359,Kaisma Vallavalitsus,GOV_KOV,
MANUAL_IMPORT,Kaiu Vallavalitsus,75025331,Kaiu Vallavalitsus,GOV_KOV,
MANUAL_IMPORT,Kambja Vallavalitsus,75009544,Kambja Vallavalitsus,GOV_KOV,
MANUAL_IMPORT,Kanepi Vallavalitsus,75011754,Kanepi Vallavalitsus,GOV_KOV,
MANUAL_IMPORT,Kareda Vallavalitsus,75013196,Kareda Vallavalitsus,GOV_KOV,
MANUAL_IMPORT,Karksi Vallavalitsus,75006397,Karksi Vallavalitsus,GOV_KOV,
MANUAL_IMPORT,Karula Vallavalitsus,75001678,Karula Vallavalitsus,GOV_KOV,
MANUAL_IMPORT,Kasepää Vallavalitsus,75022686,Kasepää Vallavalitsus,GOV_KOV,
MANUAL_IMPORT,Kehtna Vallavalitsus,75021729,Kehtna Vallavalitsus,GOV_KOV,
MANUAL_IMPORT,Keila Vallavalitsus,75025710,Keila Vallavalitsus,GOV_KOV,
MANUAL_IMPORT,Kernu Vallavalitsus,75011381,Kernu Vallavalitsus,GOV_KOV,
MANUAL_IMPORT,Kihelkonna Vallavalitsus,75022060,Kihelkonna Vallavalitsus,GOV_KOV,
MANUAL_IMPORT,Koeru Vallavalitsus,75004027,Koeru Vallavalitsus,GOV_KOV,
MANUAL_IMPORT,Kohtla-Nõmme Vallavalitsus,75022114,Kohtla-Nõmme Vallavalitsus,GOV_KOV,
MANUAL_IMPORT,Kohtla Vallavalitsus,75004033,Kohtla Vallavalitsus,GOV_KOV,
MANUAL_IMPORT,Koigi Vallavalitsus,75015640,Koigi Vallavalitsus,GOV_KOV,
MANUAL_IMPORT,Kolga-Jaani Vallavalitsus,75012274,Kolga-Jaani Vallavalitsus,GOV_KOV,
MANUAL_IMPORT,Konguta Vallavalitsus,75023591,Konguta Vallavalitsus,GOV_KOV,
MANUAL_IMPORT,Koonga Vallavalitsus,75003482,Koonga Vallavalitsus,GOV_KOV,
MANUAL_IMPORT,Koosa Osavallavalitsus,75009088,Koosa Osavallavalitsus,GOV_KOV,
MANUAL_IMPORT,Kullamaa Vallavalitsus,75026431,Kullamaa Vallavalitsus,GOV_KOV,
MANUAL_IMPORT,Kuusalu Vallavalitsus,75022568,Kuusalu Vallavalitsus,GOV_KOV,
MANUAL_IMPORT,Kõlleste Vallavalitsus,75008539,Kõlleste Vallavalitsus,GOV_KOV,
MANUAL_IMPORT,Kõo Vallavalitsus,75021971,Kõo Vallavalitsus,GOV_KOV,
MANUAL_IMPORT,Kõpu Vallavalitsus,75014617,Kõpu Vallavalitsus,GOV_KOV,
MANUAL_IMPORT,Kõrgessaare Vallavalitsus,75011990,Kõrgessaare Vallavalitsus,GOV_KOV,
MANUAL_IMPORT,Kõue Vallavalitsus,75014706,Kõue Vallavalitsus,GOV_KOV,
MANUAL_IMPORT,Käina Vallavalitsus,75011211,Käina Vallavalitsus,GOV_KOV,
MANUAL_IMPORT,Kärla Vallavalitsus,75015025,Kärla Vallavalitsus,GOV_KOV,
MANUAL_IMPORT,Käru Vallavalitsus,75026508,Käru Vallavalitsus,GOV_KOV,
MANUAL_IMPORT,Laekvere Vallavalitsus,75010803,Laekvere Vallavalitsus,GOV_KOV,
MANUAL_IMPORT,Laeva Vallavalitsus,75020339,Laeva Vallavalitsus,GOV_KOV,
MANUAL_IMPORT,Laheda Vallavalitsus,75009467,Laheda Vallavalitsus,GOV_KOV,
MANUAL_IMPORT,Laimjala Vallavalitsus,75020799,Laimjala Vallavalitsus,GOV_KOV,
MANUAL_IMPORT,Lasva Vallavalitsus,75000911,Lasva Vallavalitsus,GOV_KOV,
MANUAL_IMPORT,Lavassaare Vallavalitsus,75000012,Lavassaare Vallavalitsus,GOV_KOV,
MANUAL_IMPORT,Lavassaare Vallavalitsuse Kommunaalasutus,75000029,Lavassaare Vallavalitsuse Kommunaalasutus,GOV_KOV,
MANUAL_IMPORT,Lehtse Vallavalitsus,75016237,Lehtse Vallavalitsus,GOV_KOV,
MANUAL_IMPORT,Leisi Vallavalitsus,75019595,Leisi Vallavalitsus,GOV_KOV,
MANUAL_IMPORT,Lihula Vallavalitsus,75013575,Lihula Vallavalitsus,GOV_KOV,
MANUAL_IMPORT,Lohusuu Vallavalitsus,75004464,Lohusuu Vallavalitsus,GOV_KOV,
MANUAL_IMPORT,Loksa Vallavalitsus,75012133,Loksa Vallavalitsus,GOV_KOV,
MANUAL_IMPORT,Loodna Vallavalitsus,75022166,Loodna Vallavalitsus,GOV_KOV,
MANUAL_IMPORT,Lääne-Saare Vallavalitsus,75038977,Lääne-Saare Vallavalitsus,GOV_KOV,
MANUAL_IMPORT,Lüganuse Vallavalitsus,75002181,Lüganuse Vallavalitsus,GOV_KOV,
MANUAL_IMPORT,Lüganuse Vallavalitsus,75038629,Lüganuse Vallavalitsus,GOV_KOV,
MANUAL_IMPORT,Lümanda Vallavalitsus,75026359,Lümanda Vallavalitsus,GOV_KOV,
MANUAL_IMPORT,Maidla Vallavalitsus,75005647,Maidla Vallavalitsus,GOV_KOV,
MANUAL_IMPORT,Martna Vallavalitsus,75019945,Martna Vallavalitsus,GOV_KOV,
MANUAL_IMPORT,Meeksi Vallavalitsus,75016214,Meeksi Vallavalitsus,GOV_KOV,
MANUAL_IMPORT,Meremäe Vallavalitsus,75013351,Meremäe Vallavalitsus,GOV_KOV,
MANUAL_IMPORT,Mikitamäe Vallavalitsus,75024610,Mikitamäe Vallavalitsus,GOV_KOV,
MANUAL_IMPORT,Misso Vallavalitsus,75013782,Misso Vallavalitsus,GOV_KOV,
MANUAL_IMPORT,Mooste Vallavalitsus,75013865,Mooste Vallavalitsus,GOV_KOV,
MANUAL_IMPORT,Mustjala Vallavalitsus,75017981,Mustjala Vallavalitsus,GOV_KOV,
MANUAL_IMPORT,Mõniste Vallavalitsus,75001129,Mõniste Vallavalitsus,GOV_KOV,
MANUAL_IMPORT,Mäetaguse Vallavalitsus,75005044,Mäetaguse Vallavalitsus,GOV_KOV,
MANUAL_IMPORT,Mäksa Vallavalitsus,75015226,Mäksa Vallavalitsus,GOV_KOV,
MANUAL_IMPORT,Märjamaa Vallavalitsus,75022835,Märjamaa Vallavalitsus,GOV_KOV,
MANUAL_IMPORT,Nissi Vallavalitsus,75010298,Nissi Vallavalitsus,GOV_KOV,
MANUAL_IMPORT,Noarootsi Vallavalitsus,75013546,Noarootsi Vallavalitsus,GOV_KOV,
MANUAL_IMPORT,Nõva Vallavalitsus,75023036,Nõva Vallavalitsus,GOV_KOV,
MANUAL_IMPORT,Oisu Vallavalitsus,75004275,Oisu Vallavalitsus,GOV_KOV,
MANUAL_IMPORT,Olustvere Vallavalitsus,75006061,Olustvere Vallavalitsus,GOV_KOV,
MANUAL_IMPORT,Orava Vallavalitsus,75027005,Orava Vallavalitsus,GOV_KOV,
MANUAL_IMPORT,Orissaare Vallavalitsus,75020718,Orissaare Vallavalitsus,GOV_KOV,
MANUAL_IMPORT,Oru Vallavalitsus,75011702,Oru Vallavalitsus,GOV_KOV,
MANUAL_IMPORT,Padise Vallavalitsus,75020167,Padise Vallavalitsus,GOV_KOV,
MANUAL_IMPORT,Paide Vallavalitsus,75005819,Paide Vallavalitsus,GOV_KOV,
MANUAL_IMPORT,Paikuse Vallavalitsus,75001052,Paikuse Vallavalitsus,GOV_KOV,
MANUAL_IMPORT,Paistu Vallavalitsus,75009295,Paistu Vallavalitsus,GOV_KOV,
MANUAL_IMPORT,Pajusi Vallavalitsus,75012529,Pajusi Vallavalitsus,GOV_KOV,
MANUAL_IMPORT,Palamuse Vallavalitsus,75003140,Palamuse Vallavalitsus,GOV_KOV,
MANUAL_IMPORT,Pala Vallavalitsus,75014770,Pala Vallavalitsus,GOV_KOV,
MANUAL_IMPORT,Palupera Vallavalitsus,75007586,Palupera Vallavalitsus,GOV_KOV,
MANUAL_IMPORT,Peipsiääre Vallavalitsus,75011010,Peipsiääre Vallavalitsus,GOV_KOV,
MANUAL_IMPORT,Pihtla Vallavalitsus,75018609,Pihtla Vallavalitsus,GOV_KOV,
MANUAL_IMPORT,Piirissaare Vallavalitsus,75024159,Piirissaare Vallavalitsus,GOV_KOV,
MANUAL_IMPORT,Puhja Vallavalitsus,75021600,Puhja Vallavalitsus,GOV_KOV,
MANUAL_IMPORT,Puka Vallavalitsus,75002347,Puka Vallavalitsus,GOV_KOV,
MANUAL_IMPORT,Puurmani Vallavalitsus,75025549,Puurmani Vallavalitsus,GOV_KOV,
MANUAL_IMPORT,Põdrala Vallavalitsus,75004607,Põdrala Vallavalitsus,GOV_KOV,
MANUAL_IMPORT,Põltsamaa Vallavalitsus,75023496,Põltsamaa Vallavalitsus,GOV_KOV,
MANUAL_IMPORT,Põlva Vallavalitsus,75010571,Põlva Vallavalitsus,GOV_KOV,
MANUAL_IMPORT,Pärsti Vallavalitsus,75005564,Pärsti Vallavalitsus,GOV_KOV,
MANUAL_IMPORT,Pöide Vallavalitsus,75020440,Pöide Vallavalitsus,GOV_KOV,
MANUAL_IMPORT,Pühalepa Vallavalitsus,75019841,Pühalepa Vallavalitsus,GOV_KOV,
MANUAL_IMPORT,Raikküla Vallavalitsus,75023071,Raikküla Vallavalitsus,GOV_KOV,
MANUAL_IMPORT,Rakke Vallavalitsus,75010003,Rakke Vallavalitsus,GOV_KOV,
MANUAL_IMPORT,Rakvere Vallavalitsus,75012096,Rakvere Vallavalitsus,GOV_KOV,
MANUAL_IMPORT,Rannu Vallavalitsus,75007347,Rannu Vallavalitsus,GOV_KOV,
MANUAL_IMPORT,Rapla Vallavalitsus,75023361,Rapla Vallavalitsus,GOV_KOV,
MANUAL_IMPORT,Ridala Vallavalitsus,75022479,Ridala Vallavalitsus,GOV_KOV,
MANUAL_IMPORT,Risti Vallavalitsus,75011872,Risti Vallavalitsus,GOV_KOV,
MANUAL_IMPORT,Roosna-Alliku Vallavalitsus,75004524,Roosna-Alliku Vallavalitsus,GOV_KOV,
MANUAL_IMPORT,Rõngu Vallavalitsus,75007669,Rõngu Vallavalitsus,GOV_KOV,
MANUAL_IMPORT,Rõuge Vallavalitsus,75001885,Rõuge Vallavalitsus,GOV_KOV,
MANUAL_IMPORT,Rägavere Vallavalitsus,75020380,Rägavere Vallavalitsus,GOV_KOV,
MANUAL_IMPORT,Saarde Vallavalitsus,75003915,Saarde Vallavalitsus,GOV_KOV,
MANUAL_IMPORT,Saarepeedi Vallavalitsus,75023792,Saarepeedi Vallavalitsus,GOV_KOV,
MANUAL_IMPORT,Saare Vallavalitsus,75005469,Saare Vallavalitsus,GOV_KOV,
MANUAL_IMPORT,Saksi Vallavalitsus,75003465,Saksi Vallavalitsus,GOV_KOV,
MANUAL_IMPORT,Salme Vallavalitsus,75021557,Salme Vallavalitsus,GOV_KOV,
MANUAL_IMPORT,Sangaste Vallavalitsus,75015752,Sangaste Vallavalitsus,GOV_KOV,
MANUAL_IMPORT,Saue Vallavalitsus,75012392,Saue Vallavalitsus,GOV_KOV,
MANUAL_IMPORT,Sauga Vallavalitsus,75009622,Sauga Vallavalitsus,GOV_KOV,
MANUAL_IMPORT,Sonda Vallavalitsus,75014343,Sonda Vallavalitsus,GOV_KOV,
MANUAL_IMPORT,Surju Vallavalitsus,75000590,Surju Vallavalitsus,GOV_KOV,
MANUAL_IMPORT,Suure-Jaani Vallavalitsus,75033448,Suure-Jaani Vallavalitsus,GOV_KOV,
MANUAL_IMPORT,Suure-Jaani Vallavalitsus,75015278,Suure-Jaani Vallavalitsus,GOV_KOV,
MANUAL_IMPORT,Sõmerpalu Vallavalitsus,75001253,Sõmerpalu Vallavalitsus,GOV_KOV,
MANUAL_IMPORT,Sõmeru Vallavalitsus,75009993,Sõmeru Vallavalitsus,GOV_KOV,
MANUAL_IMPORT,Tabivere Vallavalitsus,75002078,Tabivere Vallavalitsus,GOV_KOV,
MANUAL_IMPORT,Taebla Vallavalitsus,75011300,Taebla Vallavalitsus,GOV_KOV,
MANUAL_IMPORT,Taheva Vallavalitsus,75005995,Taheva Vallavalitsus,GOV_KOV,
MANUAL_IMPORT,Tahkuranna Vallavalitsus,75023378,Tahkuranna Vallavalitsus,GOV_KOV,
MANUAL_IMPORT,Tali Vallavalitsus,75000733,Tali Vallavalitsus,GOV_KOV,
MANUAL_IMPORT,Tali Vallavalitsuse Asutus,75000741,Tali Vallavalitsuse Asutus,GOV_KOV,
MANUAL_IMPORT,Tamsalu Vallavalitsus,75033431,Tamsalu Vallavalitsus,GOV_KOV,
MANUAL_IMPORT,Tamsalu Vallavalitsus,75009680,Tamsalu Vallavalitsus,GOV_KOV,
MANUAL_IMPORT,Tarvastu Vallavalitsus,75012191,Tarvastu Vallavalitsus,GOV_KOV,
MANUAL_IMPORT,Toila Vallavalitsus,75001477,Toila Vallavalitsus,GOV_KOV,
MANUAL_IMPORT,Tootsi Vallavalitsus,75000650,Tootsi Vallavalitsus,GOV_KOV,
MANUAL_IMPORT,Tootsi Vallavalitsuse Kommunaalasutus,75000704,Tootsi Vallavalitsuse Kommunaalasutus,GOV_KOV,
MANUAL_IMPORT,Torgu Vallavalitsus,75024840,Torgu Vallavalitsus,GOV_KOV,
MANUAL_IMPORT,Tori Vallavalitsus,75011760,Tori Vallavalitsus,GOV_KOV,
MANUAL_IMPORT,Torma Vallavalitsus,75023645,Torma Vallavalitsus,GOV_KOV,
MANUAL_IMPORT,Tudulinna Vallavalitsus,75004205,Tudulinna Vallavalitsus,GOV_KOV,
MANUAL_IMPORT,Tõlliste Vallavalitsus,75002229,Tõlliste Vallavalitsus,GOV_KOV,
MANUAL_IMPORT,Tõstamaa Vallavalitsus,75013256,Tõstamaa Vallavalitsus,GOV_KOV,
MANUAL_IMPORT,Tähtvere Vallavalitsus,75015404,Tähtvere Vallavalitsus,GOV_KOV,
MANUAL_IMPORT,Türi Vallavalitsus,75008947,Türi Vallavalitsus,GOV_KOV,
MANUAL_IMPORT,Urvaste Vallavalitsus,75015456,Urvaste Vallavalitsus,GOV_KOV,
MANUAL_IMPORT,Vaivara Vallavalitsus,75010200,Vaivara Vallavalitsus,GOV_KOV,
MANUAL_IMPORT,Valgjärve Vallavalitsus,75011085,Valgjärve Vallavalitsus,GOV_KOV,
MANUAL_IMPORT,Valjala Vallavalitsus,75020658,Valjala Vallavalitsus,GOV_KOV,
MANUAL_IMPORT,Vara Vallavalitsus,75009042,Vara Vallavalitsus,GOV_KOV,
MANUAL_IMPORT,Varbla Vallavalitsus,75000526,Varbla Vallavalitsus,GOV_KOV,
MANUAL_IMPORT,Varstu Vallavalitsus,75001402,Varstu Vallavalitsus,GOV_KOV,
MANUAL_IMPORT,Vasalemma Vallavalitsus,75001980,Vasalemma Vallavalitsus,GOV_KOV,
MANUAL_IMPORT,Vastemõisa Vallavalitsus,75009898,Vastemõisa Vallavalitsus,GOV_KOV,
MANUAL_IMPORT,Vastse-Kuuste Vallavalitsus,75010499,Vastse-Kuuste Vallavalitsus,GOV_KOV,
MANUAL_IMPORT,Vastseliina Vallavalitsus,75021020,Vastseliina Vallavalitsus,GOV_KOV,
MANUAL_IMPORT,Veriora Vallavalitsus,75020246,Veriora Vallavalitsus,GOV_KOV,
MANUAL_IMPORT,Vigala Osavallavalitsus,77000528,Vigala Osavallavalitsus,GOV_KOV,
MANUAL_IMPORT,Vigala Vallavalitsus,75024030,Vigala Vallavalitsus,GOV_KOV,
MANUAL_IMPORT,Vihula Vallavalitsus,75023482,Vihula Vallavalitsus,GOV_KOV,
MANUAL_IMPORT,Viiratsi Vallavalitsus,75024981,Viiratsi Vallavalitsus,GOV_KOV,
MANUAL_IMPORT,Viru-Nigula Vallavalitsus,75010232,Viru-Nigula Vallavalitsus,GOV_KOV,
MANUAL_IMPORT,Võnnu Vallavalitsus,75010140,Võnnu Vallavalitsus,GOV_KOV,
MANUAL_IMPORT,Võru Vallavalitsus,75021340,Võru Vallavalitsus,GOV_KOV,
MANUAL_IMPORT,Vändra Vallavalitsus,75010890,Vändra Vallavalitsus,GOV_KOV,
MANUAL_IMPORT,Vändra Vallavalitsuse Kommunaalasutus,75011004,Vändra Vallavalitsuse Kommunaalasutus,GOV_KOV,
MANUAL_IMPORT,Väätsa Vallavalitsus,75013479,Väätsa Vallavalitsus,GOV_KOV,
MANUAL_IMPORT,Õru Vallavalitsus,75012713,Õru Vallavalitsus,GOV_KOV,
MANUAL_IMPORT,Ülenurme Vallavalitsus,75007422,Ülenurme Vallavalitsus,GOV_KOV,
MANUAL_IMPORT,Elva Linnavalitsus,75008092,Elva Linnavalitsus,GOV_KOV,
MANUAL_IMPORT,Jõgeva Linnavalitsus,75003246,Jõgeva Linnavalitsus,GOV_KOV,
MANUAL_IMPORT,Jõhvi Linnavalitsus,75002577,Jõhvi Linnavalitsus,GOV_KOV,
MANUAL_IMPORT,Kallaste Linnavalitsus,75006492,Kallaste Linnavalitsus,GOV_KOV,
MANUAL_IMPORT,Kehra Linnavalitsus,75013090,Kehra Linnavalitsus,GOV_KOV,
MANUAL_IMPORT,Kilingi-Nõmme Linnavalitsus,75003743,Kilingi-Nõmme Linnavalitsus,GOV_KOV,
MANUAL_IMPORT,Kiviõli Linnavalitsus,75005162,Kiviõli Linnavalitsus,GOV_KOV,
MANUAL_IMPORT,Kuressaare Linnavalitsus,75023266,Kuressaare Linnavalitsus,GOV_KOV,
MANUAL_IMPORT,Kärdla Linnavalitsus,75009378,Kärdla Linnavalitsus,GOV_KOV,
MANUAL_IMPORT,Mustvee Linnavalitsus,75024248,Mustvee Linnavalitsus,GOV_KOV,
MANUAL_IMPORT,Mõisaküla Linnavalitsus,75007741,Mõisaküla Linnavalitsus,GOV_KOV,
MANUAL_IMPORT,Narva-Jõesuu Linnavalitsus,75005498,Narva-Jõesuu Linnavalitsus,GOV_KOV,
MANUAL_IMPORT,Narva Linnavalitsuse Arengu ja Projektide osakond,75008338,Narva Linnavalitsuse Arengu ja Projektide osakond,GOV_KOV,
MANUAL_IMPORT,Narva Linnavalitsuse Ehitusinspektsioon,75024455,Narva Linnavalitsuse Ehitusinspektsioon,GOV_KOV,
MANUAL_IMPORT,Narva Linnavalitsuse Ettevõtluse Amet,75008344,Narva Linnavalitsuse Ettevõtluse Amet,GOV_KOV,
MANUAL_IMPORT,Narva Linnavalitsuse Infoteenistus,75008350,Narva Linnavalitsuse Infoteenistus,GOV_KOV,
MANUAL_IMPORT,Narva Linnavalitsuse Infotehnoloogiateenistus,75008367,Narva Linnavalitsuse Infotehnoloogiateenistus,GOV_KOV,
MANUAL_IMPORT,Narva Linnavalitsuse Investeeringute osakond,75018650,Narva Linnavalitsuse Investeeringute osakond,GOV_KOV,
MANUAL_IMPORT,Narva Linnavalitsuse Juriidiline Osakond,75024432,Narva Linnavalitsuse Juriidiline Osakond,GOV_KOV,
MANUAL_IMPORT,Narva Linnavalitsuse Linnaarstiteenistus,75008396,Narva Linnavalitsuse Linnaarstiteenistus,GOV_KOV,
MANUAL_IMPORT,Narva Linnavalitsuse Linnavaraamet,75008404,Narva Linnavalitsuse Linnavaraamet,GOV_KOV,
MANUAL_IMPORT,Narva Linnavalitsuse Linnavara- ja majandusamet,75029837,Narva Linnavalitsuse Linnavara- ja majandusamet,GOV_KOV,
MANUAL_IMPORT,Narva Linnavalitsuse Maaosakond,75008410,Narva Linnavalitsuse Maaosakond,GOV_KOV,
MANUAL_IMPORT,Narva Linnavalitsuse Spordiosakond,75008433,Narva Linnavalitsuse Spordiosakond,GOV_KOV,
MANUAL_IMPORT,Paide Linnavalitsus,75002436,Paide Linnavalitsus,GOV_KOV,
MANUAL_IMPORT,Paldiski Linnavalitsus,75021126,Paldiski Linnavalitsus,GOV_KOV,
MANUAL_IMPORT,Põltsamaa Linnavalitsus,75003045,Põltsamaa Linnavalitsus,GOV_KOV,
MANUAL_IMPORT,Põlva Linnavalitsus,75009183,Põlva Linnavalitsus,GOV_KOV,
MANUAL_IMPORT,Püssi Linnavalitsus,75008440,Püssi Linnavalitsus,GOV_KOV,
MANUAL_IMPORT,Rapla Linnavalitsus,75021014,Rapla Linnavalitsus,GOV_KOV,
MANUAL_IMPORT,Räpina Linnavalitsus,75009817,Räpina Linnavalitsus,GOV_KOV,
MANUAL_IMPORT,Saue Linnavalitsus,75013983,Saue Linnavalitsus,GOV_KOV,
MANUAL_IMPORT,Saue Linnavalitsuse Haridus- ja Sotsiaalamet,75027784,Saue Linnavalitsuse Haridus- ja Sotsiaalamet,GOV_KOV,
MANUAL_IMPORT,Sindi Linnavalitsus,75004932,Sindi Linnavalitsus,GOV_KOV,
MANUAL_IMPORT,Suure-Jaani Linnavalitsus,75005891,Suure-Jaani Linnavalitsus,GOV_KOV,
MANUAL_IMPORT,Tamsalu Linnavalitsus,75010401,Tamsalu Linnavalitsus,GOV_KOV,
MANUAL_IMPORT,Tapa Linnavalitsus,75019493,Tapa Linnavalitsus,GOV_KOV,
MANUAL_IMPORT,Tõrva Linnavalitsus,75005699,Tõrva Linnavalitsus,GOV_KOV,
MANUAL_IMPORT,Türi Linnavalitsus,75006279,Türi Linnavalitsus,GOV_KOV,
MANUAL_IMPORT,Valga Linnavalitsus,75004748,Valga Linnavalitsus,GOV_KOV,
MANUAL_IMPORT,Võhma Linnavalitsus,75022580,Võhma Linnavalitsus,GOV_KOV,
MANUAL_IMPORT,Kohila Alevivalitsus,75027790,Kohila Alevivalitsus,GOV_KOV,
MANUAL_IMPORT,Märjamaa Alevivalitsus,75022746,Märjamaa Alevivalitsus,GOV_KOV,
MANUAL_IMPORT,Vändra Alevivalitsus,75001572,Vändra Alevivalitsus,GOV_KOV,
MANUAL_IMPORT,Vändra Alevivalitsuse Elamuamet,75001589,Vändra Alevivalitsuse Elamuamet,GOV_KOV,
MANUAL_IMPORT,Justiits- ja Digiministeerium,70001082,Harku ja Murru Vangla,GOV,
