Sektor,Kõrgemal seisev asutus,Registrikood,Üksuse nimi,Üksuse liik,Muudatused
Keskvalitsus,Rahandusministeerium,70000272,Rahandusministeerium,riigi ametiasutused,
Keskvalitsus,Siseministeerium,70000562,Siseministeerium,riigi ametiasutused,
Keskvalitsus,Regionaal- ja Põllumajandusministeerium,70000734,Regionaal- ja Põllumajandusministeerium,riigi ametiasutused,
Keskvalitsus,Haridus- ja Teadusministeerium,70000740,Haridus- ja Teadusministeerium,riigi ametiasutused,
Keskvalitsus,Justiits- ja Digiministeerium,70000898,Justiits- ja Digiministeerium,riigi ametiasutused,
Keskvalitsus,Kultuuriministeerium,70000941,Kultuuriministeerium,riigi ametiasutused,
Keskvalitsus,Kliimaministeerium,70001231,Kliimaministeerium,riigi ametiasutused,
Keskvalitsus,Sotsiaalministeerium,70001952,Sotsiaalministeerium,riigi ametiasutused,
Keskvalitsus,Välisministeerium,70002526,Välisministeerium,riigi ametiasutused,
Keskvalitsus,Majandus- ja Kommunikatsiooniministeerium,70003158,Majandus- ja Kommunikatsiooniministeerium,riigi ametiasutused,
Keskvalitsus,Kaitseministeerium,70004502,Kaitseministeerium,riigi ametiasutused,
Keskvalitsus,Riigikantselei,70004809,Riigikantselei,põhiseaduslikud institutsioonid ja Riigikantselei,
Keskvalitsus,Riigikontroll,74000056,Riigikontroll,põhiseaduslikud institutsioonid ja Riigikantselei,
Keskvalitsus,Riigikogu Kantselei,74000101,Riigikogu Kantselei,põhiseaduslikud institutsioonid ja Riigikantselei,
Muu avalik sektor,Eesti Pank,74000174,Eesti Pank,avalik-õiguslikud asutused,
Keskvalitsus,Vabariigi Presidendi Kantselei,74000234,Vabariigi Presidendi Kantselei,põhiseaduslikud institutsioonid ja Riigikantselei,
Keskvalitsus,Õiguskantsleri Kantselei,74000464,Õiguskantsleri Kantselei,põhiseaduslikud institutsioonid ja Riigikantselei,
Keskvalitsus,Riigikohus,74001127,Riigikohus,põhiseaduslikud institutsioonid ja Riigikantselei,
Keskvalitsus,Sotsiaalministeerium,10050157,"aktsiaselts ""Põlva Haigla""",äriühingud ja tulundusasutused,
Keskvalitsus,Kliimaministeerium,10057662,OÜ Eesti Keskkonnauuringute Keskus,äriühingud ja tulundusasutused,
Muu avalik sektor,Kliimaministeerium,10137319,aktsiaselts TALLINNA SADAM,äriühingud ja tulundusasutused,
Muu avalik sektor,Rahandusministeerium,10203566,AS Levira,äriühingud ja tulundusasutused,
Muu avalik sektor,Kliimaministeerium,10216057,aktsiaselts Saarte Liinid,äriühingud ja tulundusasutused,
Muu avalik sektor,Rahandusministeerium,10224137,Imatra Elekter Aktsiaselts,äriühingud ja tulundusasutused,
Muu avalik sektor,Rahandusministeerium,10281170,AKTSIASELTS EESTI LOTO,äriühingud ja tulundusasutused,
Keskvalitsus,Kultuuriministeerium,10328440,osaühing Tallinnfilm,äriühingud ja tulundusasutused,
Muu avalik sektor,Regionaal- ja Põllumajandusministeerium,10328799,Aktsiaselts Eesti Post,äriühingud ja tulundusasutused,
Muu avalik sektor,Kliimaministeerium,10341618,Lennuliiklusteeninduse Aktsiaselts,äriühingud ja tulundusasutused,
Muu avalik sektor,Kliimaministeerium,10349560,Aktsiaselts Tallinna Lennujaam,äriühingud ja tulundusasutused,
Keskvalitsus,Sotsiaalministeerium,10351752,aktsiaselts Valga Haigla,äriühingud ja tulundusasutused,
Muu avalik sektor,Majandus- ja Kommunikatsiooniministeerium,10397748,Aktsiaselts Metrosert,äriühingud ja tulundusasutused,
Keskvalitsus,Sotsiaalministeerium,10399457,AS HOOLEKANDETEENUSED,äriühingud ja tulundusasutused,
Muu avalik sektor,Rahandusministeerium,10421629,Eesti Energia AS,äriühingud ja tulundusasutused,
Keskvalitsus,Kliimaministeerium,10462309,AS ALARA,äriühingud ja tulundusasutused,
Keskvalitsus,Regionaal- ja Põllumajandusministeerium,10520953,AS Eesti Liinirongid,äriühingud ja tulundusasutused,
Muu avalik sektor,Rahandusministeerium,10579981,Enefit Industry AS,äriühingud ja tulundusasutused,
Muu avalik sektor,Rahandusministeerium,10633284,Enefit Solutions AS,äriühingud ja tulundusasutused,
Muu avalik sektor,Kliimaministeerium,10701123,Aktsiaselts Teede Tehnokeskus,äriühingud ja tulundusasutused,
Muu avalik sektor,Haridus- ja Teadusministeerium,10739410,"osaühing ""Eerika Farm""",äriühingud ja tulundusasutused,
Muu avalik sektor,Regionaal- ja Põllumajandusministeerium,10787656,AS VIREEN,äriühingud ja tulundusasutused,
Keskvalitsus,Rahandusministeerium,10788733,Riigi Kinnisvara Aktsiaselts,äriühingud ja tulundusasutused,
Keskvalitsus,Sotsiaalministeerium,10833853,AS Lõuna-Eesti Haigla,äriühingud ja tulundusasutused,
Keskvalitsus,Sotsiaalministeerium,11005420,osaühing METSAKOHVIK,äriühingud ja tulundusasutused,
Muu avalik sektor,Kliimaministeerium,11021057,Aktsiaselts GREEN MARINE,äriühingud ja tulundusasutused,
Muu avalik sektor,Kliimaministeerium,11022625,Elering AS,äriühingud ja tulundusasutused,
Muu avalik sektor,Rahandusministeerium,11050857,Elektrilevi OÜ,äriühingud ja tulundusasutused,
Muu avalik sektor,Rahandusministeerium,11119419,Enefit Wind Purtse AS,äriühingud ja tulundusasutused,
Keskvalitsus,Majandus- ja Kommunikatsiooniministeerium,11124171,AS Eesti Varude Keskus,äriühingud ja tulundusasutused,
Muu avalik sektor,Haridus- ja Teadusministeerium,11136278,OÜ Torni Hostel,äriühingud ja tulundusasutused,
Muu avalik sektor,Kliimaministeerium,11163254,Osaühing TS Shipping,äriühingud ja tulundusasutused,
Muu avalik sektor,Rahandusministeerium,11184032,Enefit Green AS,äriühingud ja tulundusasutused,
Muu avalik sektor,Kliimaministeerium,11206785,AS Tallinn Airport GH,äriühingud ja tulundusasutused,
Keskvalitsus,Sotsiaalministeerium,11285842,Pesuring OÜ,äriühingud ja tulundusasutused,
Keskvalitsus,Kliimaministeerium,11575838,aktsiaselts Eesti Raudtee,äriühingud ja tulundusasutused,
Muu avalik sektor,Kliimaministeerium,11575850,AS Raudtee Varad,äriühingud ja tulundusasutused,
Muu avalik sektor,Rahandusministeerium,11693868,Enefit Outotec Technology OÜ,äriühingud ja tulundusasutused,
Muu avalik sektor,Haridus- ja Teadusministeerium,11748687,OÜ Muusa Majutus,äriühingud ja tulundusasutused,
Muu avalik sektor,Majandus- ja Kommunikatsiooniministeerium,11948506,Aktsiaselts KredEx Krediidikindlustus,äriühingud ja tulundusasutused,
Keskvalitsus,Majandus- ja Kommunikatsiooniministeerium,12071991,AS SmartCap,äriühingud ja tulundusasutused,
Keskvalitsus,Sotsiaalministeerium,12550059,Osaühing HNRK Abivahendikeskus,äriühingud ja tulundusasutused,
Muu avalik sektor,Regionaal- ja Põllumajandusministeerium,12670875,Picapac OÜ,äriühingud ja tulundusasutused,
Keskvalitsus,Kliimaministeerium,12678055,TS Laevad OÜ,äriühingud ja tulundusasutused,
Muu avalik sektor,Haridus- ja Teadusministeerium,12678538,E-Kyla Arendus OÜ,äriühingud ja tulundusasutused,
Keskvalitsus,Kliimaministeerium,12734109,osaühing Rail Baltic Estonia,äriühingud ja tulundusasutused,
Muu avalik sektor,Rahandusministeerium,12755407,E-dok OÜ,äriühingud ja tulundusasutused,
Muu avalik sektor,Regionaal- ja Põllumajandusministeerium,12760791,Eesti Põllumajandusloomade Jõudluskontrolli AS,äriühingud ja tulundusasutused,
Muu avalik sektor,Rahandusministeerium,12894095,Attarat Holding OÜ,äriühingud ja tulundusasutused,
Muu avalik sektor,Kliimaministeerium,12927802,Osaühing Transpordi Varahaldus,äriühingud ja tulundusasutused,
Muu avalik sektor,Kliimaministeerium,12927848,Aktsiaselts Nordic Aviation Group,äriühingud ja tulundusasutused,
Muu avalik sektor,Kliimaministeerium,14251485,AS RV Leasing,äriühingud ja tulundusasutused,
Muu avalik sektor,Rahandusministeerium,14665542,Enefit Wind OÜ,äriühingud ja tulundusasutused,
Muu avalik sektor,Majandus- ja Kommunikatsiooniministeerium,16077631,FINBITE OÜ,äriühingud ja tulundusasutused,
Keskvalitsus,Haridus- ja Teadusministeerium,16124187,UniTartu Ventures OÜ,äriühingud ja tulundusasutused,
Muu avalik sektor,Rahandusministeerium,16130213,Enefit AS,äriühingud ja tulundusasutused,
Keskvalitsus,Majandus- ja Kommunikatsiooniministeerium,16135392,Tehnopol Ventures OÜ,äriühingud ja tulundusasutused,
Muu avalik sektor,Kliimaministeerium,16234361,Raudtee Varad Holding OÜ,äriühingud ja tulundusasutused,
Muu avalik sektor,Kliimaministeerium,16235461,Operail Repairs OÜ,äriühingud ja tulundusasutused,
Muu avalik sektor,Rahandusministeerium,17209649,Enefit Power OÜ,äriühingud ja tulundusasutused,Registreeritud 01.04.2025
Keskvalitsus,Regionaal- ja Põllumajandusministeerium,70000065,Riigi Laboriuuringute ja Riskihindamise Keskus,hallatavad riigiasutused,
Keskvalitsus,Justiits- ja Digiministeerium,70000303,Konkurentsiamet,riigi ametiasutused,
Keskvalitsus,Justiits- ja Digiministeerium,70000310,Registrite ja Infosüsteemide Keskus,hallatavad riigiasutused,
Keskvalitsus,Rahandusministeerium,70000332,Statistikaamet,riigi ametiasutused,
Keskvalitsus,Rahandusministeerium,70000349,Maksu- ja Tolliamet,riigi ametiasutused,
Keskvalitsus,Siseministeerium,70000585,Päästeamet,riigi ametiasutused,
Keskvalitsus,Siseministeerium,70000591,Kaitsepolitseiamet,riigi ametiasutused,
Keskvalitsus,Haridus- ja Teadusministeerium,70000846,Kehtna Kutsehariduskeskus,hallatavad riigiasutused,
Keskvalitsus,Regionaal- ja Põllumajandusministeerium,70000869,Maaelu Teadmuskeskus,hallatavad riigiasutused,
Keskvalitsus,Justiits- ja Digiministeerium,70000906,Prokuratuur,riigi ametiasutused,
Keskvalitsus,Kultuuriministeerium,70000958,Muinsuskaitseamet,riigi ametiasutused,
Keskvalitsus,Kultuuriministeerium,70001024,Eesti Rahvakultuuri Keskus,hallatavad riigiasutused,
Keskvalitsus,Kultuuriministeerium,70001030,Eesti Lastekirjanduse Keskus,hallatavad riigiasutused,
Keskvalitsus,Justiits- ja Digiministeerium,70001113,Tallinna Vangla,hallatavad riigiasutused,
Keskvalitsus,Kliimaministeerium,70001490,Transpordiamet,riigi ametiasutused,
Keskvalitsus,Haridus- ja Teadusministeerium,70001946,Rahvusarhiiv,riigi ametiasutused,
Keskvalitsus,Majandus- ja Kommunikatsiooniministeerium,70001969,Tööinspektsioon,riigi ametiasutused,
Keskvalitsus,Sotsiaalministeerium,70001975,Sotsiaalkindlustusamet,riigi ametiasutused,
Keskvalitsus,Haridus- ja Teadusministeerium,70002420,Räpina Aianduskool,hallatavad riigiasutused,
Keskvalitsus,Haridus- ja Teadusministeerium,70002443,Luua Metsanduskool,hallatavad riigiasutused,
Keskvalitsus,Haridus- ja Teadusministeerium,70002549,Hiiumaa Ametikool,hallatavad riigiasutused,
Keskvalitsus,Haridus- ja Teadusministeerium,70002555,Olustvere Teenindus- ja Maamajanduskool,hallatavad riigiasutused,
Keskvalitsus,Majandus- ja Kommunikatsiooniministeerium,70003098,Maa- ja Ruumiamet,riigi ametiasutused,
Keskvalitsus,Kliimaministeerium,70003129,Eesti Loodusmuuseum,hallatavad riigiasutused,
Keskvalitsus,Justiits- ja Digiministeerium,70003164,Patendiamet,riigi ametiasutused,
Keskvalitsus,Majandus- ja Kommunikatsiooniministeerium,70003218,Tarbijakaitse ja Tehnilise Järelevalve Amet,riigi ametiasutused,
Keskvalitsus,Haridus- ja Teadusministeerium,70003460,Tallinna Majanduskool,hallatavad riigiasutused,
Keskvalitsus,Sotsiaalministeerium,70003477,Ravimiamet,riigi ametiasutused,
Keskvalitsus,Sotsiaalministeerium,70003491,Riikliku Lepitaja Kantselei,hallatavad riigiasutused,
Keskvalitsus,Haridus- ja Teadusministeerium,70003566,Astangu Kutserehabilitatsiooni Keskus,hallatavad riigiasutused,
Keskvalitsus,Justiits- ja Digiministeerium,70003572,Eesti Kohtuekspertiisi Instituut,hallatavad riigiasutused,
Keskvalitsus,Haridus- ja Teadusministeerium,70003690,Keeleamet,riigi ametiasutused,
Keskvalitsus,Haridus- ja Teadusministeerium,70003744,Kuressaare Ametikool,hallatavad riigiasutused,
Keskvalitsus,Haridus- ja Teadusministeerium,70003767,Tallinna Lasnamäe Mehaanikakool,hallatavad riigiasutused,
Keskvalitsus,Haridus- ja Teadusministeerium,70003773,Tallinna Tehnikakõrgkool,hallatavad riigiasutused,
Keskvalitsus,Haridus- ja Teadusministeerium,70003796,Haapsalu Kutsehariduskeskus,hallatavad riigiasutused,
Keskvalitsus,Haridus- ja Teadusministeerium,70003840,Rakvere Ametikool,hallatavad riigiasutused,
Keskvalitsus,Haridus- ja Teadusministeerium,70003879,Eesti Kirjandusmuuseum,hallatavad riigiasutused,
Keskvalitsus,Haridus- ja Teadusministeerium,70003885,Tallinna Konstantin Pätsi Vabaõhukool,hallatavad riigiasutused,
Keskvalitsus,Haridus- ja Teadusministeerium,70003891,Noarootsi Gümnaasium,hallatavad riigiasutused,
Keskvalitsus,Haridus- ja Teadusministeerium,70003951,Tallinna Ehituskool,hallatavad riigiasutused,
Keskvalitsus,Haridus- ja Teadusministeerium,70003974,Tallinna Polütehnikum,hallatavad riigiasutused,
Keskvalitsus,Haridus- ja Teadusministeerium,70003980,Tallinna Tervishoiu Kõrgkool,hallatavad riigiasutused,
Keskvalitsus,Haridus- ja Teadusministeerium,70004011,Eesti Keele Instituut,hallatavad riigiasutused,
Keskvalitsus,Haridus- ja Teadusministeerium,70004034,Tartu Tähtvere Riigikool,hallatavad riigiasutused,
Keskvalitsus,Haridus- ja Teadusministeerium,70004092,Tartu Kunstikool,hallatavad riigiasutused,
Keskvalitsus,Kultuuriministeerium,70004137,Palamuse O. Lutsu Kihelkonnakoolimuuseum,hallatavad riigiasutused,
Keskvalitsus,Justiits- ja Digiministeerium,70004235,Andmekaitse Inspektsioon,riigi ametiasutused,
Keskvalitsus,Haridus- ja Teadusministeerium,70004258,Nõo Reaalgümnaasium,hallatavad riigiasutused,
Keskvalitsus,Kultuuriministeerium,70004347,Võru Instituut,hallatavad riigiasutused,
Keskvalitsus,Haridus- ja Teadusministeerium,70004420,Ahtme Kool,hallatavad riigiasutused,
Muu avalik sektor,Kliimaministeerium,70004459,Riigimetsa Majandamise Keskus,äriühingud ja tulundusasutused,
Keskvalitsus,Siseministeerium,70004465,Sisekaitseakadeemia,hallatavad riigiasutused,
Keskvalitsus,Haridus- ja Teadusministeerium,70004637,Tallinna Teeninduskool,hallatavad riigiasutused,
Keskvalitsus,Haridus- ja Teadusministeerium,70004643,Vana-Vigala Tehnika- ja Teeninduskool,hallatavad riigiasutused,
Keskvalitsus,Kultuuriministeerium,70005536,Eesti Rahva Muuseum,hallatavad riigiasutused,
Keskvalitsus,Haridus- ja Teadusministeerium,70005542,Võrumaa Haridus- ja Tehnoloogiakeskus,hallatavad riigiasutused,
Keskvalitsus,Haridus- ja Teadusministeerium,70005559,Tallinna Tööstushariduskeskus,hallatavad riigiasutused,
Keskvalitsus,Haridus- ja Teadusministeerium,70005565,Viljandi Kutseõppekeskus,hallatavad riigiasutused,
Keskvalitsus,Haridus- ja Teadusministeerium,70005571,Valgamaa Kutseõppekeskus,hallatavad riigiasutused,
Keskvalitsus,Haridus- ja Teadusministeerium,70005619,Heino Elleri Muusikakool,hallatavad riigiasutused,
Keskvalitsus,Haridus- ja Teadusministeerium,70005660,Haapsalu Viigi Kool,hallatavad riigiasutused,
Keskvalitsus,Haridus- ja Teadusministeerium,70005677,Porkuni Kool,hallatavad riigiasutused,
Keskvalitsus,Haridus- ja Teadusministeerium,70005699,Eesti Lennuakadeemia,hallatavad riigiasutused,
Keskvalitsus,Haridus- ja Teadusministeerium,70005714,Tartu Tervishoiu Kõrgkool,hallatavad riigiasutused,
Keskvalitsus,Kaitseministeerium,70005938,Välisluureamet,riigi ametiasutused,
Keskvalitsus,Haridus- ja Teadusministeerium,70005950,Kõrgem Kunstikool Pallas,hallatavad riigiasutused,
Keskvalitsus,Regionaal- ja Põllumajandusministeerium,70005967,Põllumajanduse Registrite ja Informatsiooni Amet,riigi ametiasutused,
Keskvalitsus,Haridus- ja Teadusministeerium,70006027,Narva Vanalinna Põhikool,hallatavad riigiasutused,
Keskvalitsus,Justiits- ja Digiministeerium,70006056,Tartu Vangla,hallatavad riigiasutused,
Keskvalitsus,Kaitseministeerium,70006139,Eesti Sõjamuuseum - kindral Laidoneri muuseum,hallatavad riigiasutused,
Keskvalitsus,Sotsiaalministeerium,70006292,Tervise Arengu Instituut,hallatavad riigiasutused,
Keskvalitsus,Justiits- ja Digiministeerium,70006317,Riigi Infosüsteemi Amet,riigi ametiasutused,
Keskvalitsus,Haridus- ja Teadusministeerium,70006369,Pärnumaa Kutsehariduskeskus,hallatavad riigiasutused,
Keskvalitsus,Rahandusministeerium,70007340,Riigi Tugiteenuste Keskus,hallatavad riigiasutused,
Keskvalitsus,Siseministeerium,70007446,Häirekeskus,riigi ametiasutused,
Keskvalitsus,Kaitseministeerium,70007647,Kaitseressursside Amet,riigi ametiasutused,
Keskvalitsus,Haridus- ja Teadusministeerium,70007742,Ida-Virumaa Kutsehariduskeskus,hallatavad riigiasutused,
Keskvalitsus,Justiits- ja Digiministeerium,70008144,Viru Vangla,hallatavad riigiasutused,
Keskvalitsus,Riigikogu Kantselei,70008256,Vabariigi Valimiskomisjon,riigi ametiasutused,
Keskvalitsus,Siseministeerium,70008440,Siseministeeriumi infotehnoloogia- ja arenduskeskus,hallatavad riigiasutused,
Keskvalitsus,Haridus- ja Teadusministeerium,70008546,Järvamaa Kutsehariduskeskus,hallatavad riigiasutused,
Keskvalitsus,Kaitseministeerium,70008641,Kaitsevägi,hallatavad riigiasutused,
Keskvalitsus,Kliimaministeerium,70008658,Keskkonnaamet,riigi ametiasutused,
Keskvalitsus,Siseministeerium,70008747,Politsei- ja Piirivalveamet,riigi ametiasutused,
Keskvalitsus,Sotsiaalministeerium,70008799,Terviseamet,riigi ametiasutused,
Keskvalitsus,Riigikogu Kantselei,70009043,Erakondade Rahastamise Järelevalve Komisjon,riigi ametiasutused,
Keskvalitsus,Majandus- ja Kommunikatsiooniministeerium,70009155,Soolise võrdõiguslikkuse ja võrdse kohtlemise voliniku kantselei,riigi ametiasutused,
Keskvalitsus,Rahandusministeerium,70009244,Rahandusministeeriumi Infotehnoloogiakeskus,hallatavad riigiasutused,
Keskvalitsus,Haridus- ja Teadusministeerium,70009341,Viljandi Gümnaasium,hallatavad riigiasutused,
Keskvalitsus,Kliimaministeerium,70009445,Keskkonnaministeeriumi Infotehnoloogiakeskus,hallatavad riigiasutused,
Keskvalitsus,Kliimaministeerium,70009540,Keskkonnaagentuur,hallatavad riigiasutused,
Keskvalitsus,Haridus- ja Teadusministeerium,70009646,Eesti Merekool,hallatavad riigiasutused,
Keskvalitsus,Haridus- ja Teadusministeerium,70009741,Põlva Gümnaasium,hallatavad riigiasutused,
Keskvalitsus,Haridus- ja Teadusministeerium,70009758,Hiiumaa Gümnaasium,hallatavad riigiasutused,
Keskvalitsus,Kaitseministeerium,70009764,Riigi Kaitseinvesteeringute Keskus,riigi ametiasutused,
Keskvalitsus,Sotsiaalministeerium,70009770,Tervise ja Heaolu Infosüsteemide Keskus,hallatavad riigiasutused,
Keskvalitsus,Justiits- ja Digiministeerium,74000027,Eesti Advokatuur,avalik-õiguslikud asutused,
Keskvalitsus,Kultuuriministeerium,74000033,Rahvusooper Estonia,avalik-õiguslikud asutused,
Keskvalitsus,Rahandusministeerium,74000047,Tagatisfond,avalik-õiguslikud asutused,
Sotsiaalkindlustusfondid,Sotsiaalministeerium,74000085,Eesti Töötukassa,avalik-õiguslikud asutused,
Sotsiaalkindlustusfondid,Sotsiaalministeerium,74000091,Tervisekassa,avalik-õiguslikud asutused,
Keskvalitsus,Haridus- ja Teadusministeerium,74000122,Tallinna Ülikool,avalik-õiguslikud asutused,
Keskvalitsus,Kultuuriministeerium,74000139,Eesti Rahvusraamatukogu,avalik-õiguslikud asutused,
Keskvalitsus,Rahandusministeerium,74000151,Audiitorkogu,avalik-õiguslikud asutused,
Keskvalitsus,Haridus- ja Teadusministeerium,74000168,Eesti Teaduste Akadeemia,avalik-õiguslikud asutused,
Keskvalitsus,Justiits- ja Digiministeerium,74000240,Notarite Koda,avalik-õiguslikud asutused,
Keskvalitsus,Haridus- ja Teadusministeerium,74000257,Keemilise ja Bioloogilise Füüsika Instituut,avalik-õiguslikud asutused,
Keskvalitsus,Haridus- ja Teadusministeerium,74000323,Tallinna Tehnikaülikool,avalik-õiguslikud asutused,
Keskvalitsus,Haridus- ja Teadusministeerium,74000352,Eesti Teaduste Akadeemia Kirjastus,avalik-õiguslikud asutused,
Keskvalitsus,Haridus- ja Teadusministeerium,74000381,Eesti Teaduste Akadeemia Underi ja Tuglase Kirjanduskeskus,avalik-õiguslikud asutused,
Keskvalitsus,Haridus- ja Teadusministeerium,74000547,Eesti Muusika- ja Teatriakadeemia,avalik-õiguslikud asutused,
Keskvalitsus,Haridus- ja Teadusministeerium,74000624,Eesti Kunstiakadeemia,avalik-õiguslikud asutused,
Keskvalitsus,Kaitseministeerium,74000725,Kaitseliit,avalik-õiguslikud asutused,
Keskvalitsus,Haridus- ja Teadusministeerium,74001073,Tartu Ülikool,avalik-õiguslikud asutused,
Keskvalitsus,Haridus- ja Teadusministeerium,74001086,Eesti Maaülikool,avalik-õiguslikud asutused,
Keskvalitsus,Kultuuriministeerium,74001328,Eesti Kultuurkapital,avalik-õiguslikud asutused,
Keskvalitsus,Haridus- ja Teadusministeerium,74001529,Tallinna Ülikooli Akadeemiline Raamatukogu,avalik-õiguslikud asutused,
Keskvalitsus,Justiits- ja Digiministeerium,74001728,Harju Maakohus,riigi ametiasutused,
Keskvalitsus,Justiits- ja Digiministeerium,74001736,Viru Maakohus,riigi ametiasutused,
Keskvalitsus,Justiits- ja Digiministeerium,74001883,Pärnu Maakohus,riigi ametiasutused,
Keskvalitsus,Justiits- ja Digiministeerium,74001920,Tallinna Halduskohus,riigi ametiasutused,
Keskvalitsus,Justiits- ja Digiministeerium,74001943,Tallinna Ringkonnakohus,riigi ametiasutused,
Keskvalitsus,Justiits- ja Digiministeerium,74001957,Tartu Halduskohus,riigi ametiasutused,
Keskvalitsus,Justiits- ja Digiministeerium,74001966,Tartu Maakohus,riigi ametiasutused,
Keskvalitsus,Justiits- ja Digiministeerium,74001972,Tartu Ringkonnakohus,riigi ametiasutused,
Keskvalitsus,Kultuuriministeerium,74002322,Eesti Rahvusringhääling,avalik-õiguslikud asutused,
Keskvalitsus,Justiits- ja Digiministeerium,74002523,Kohtutäiturite ja Pankrotihaldurite Koda,avalik-õiguslikud asutused,
Keskvalitsus,Haridus- ja Teadusministeerium,75000271,Pärnu Koidula Gümnaasium,hallatavad riigiasutused,
Keskvalitsus,Haridus- ja Teadusministeerium,75000325,Pärnu Täiskasvanute Gümnaasium,hallatavad riigiasutused,
Keskvalitsus,Haridus- ja Teadusministeerium,75005067,Valga Gümnaasium,hallatavad riigiasutused,
Keskvalitsus,Haridus- ja Teadusministeerium,75006189,Kohtla-Järve Täiskasvanute Gümnaasium,hallatavad riigiasutused,
Keskvalitsus,Haridus- ja Teadusministeerium,75006842,Tartu Tamme Gümnaasium,hallatavad riigiasutused,
Keskvalitsus,Haridus- ja Teadusministeerium,75008982,Kohtla-Järve Järve Kool,hallatavad riigiasutused,
Keskvalitsus,Haridus- ja Teadusministeerium,75012067,Sillamäe Eesti Põhikool,hallatavad riigiasutused,
Keskvalitsus,Haridus- ja Teadusministeerium,75024292,Narva Täiskasvanute Kool,hallatavad riigiasutused,
Keskvalitsus,Haridus- ja Teadusministeerium,75024366,Narva Eesti Põhikool,hallatavad riigiasutused,
Keskvalitsus,Haridus- ja Teadusministeerium,75037920,Sillamäe Gümnaasium,hallatavad riigiasutused,
Keskvalitsus,Haridus- ja Teadusministeerium,75038150,Jõgevamaa Gümnaasium,hallatavad riigiasutused,
Keskvalitsus,Haridus- ja Teadusministeerium,75038167,Läänemaa Ühisgümnaasium,hallatavad riigiasutused,
Keskvalitsus,Haridus- ja Teadusministeerium,75038641,Jõhvi Gümnaasium,hallatavad riigiasutused,
Keskvalitsus,Haridus- ja Teadusministeerium,75039008,Võru Gümnaasium,hallatavad riigiasutused,
Keskvalitsus,Haridus- ja Teadusministeerium,77000051,Rapla Gümnaasium,hallatavad riigiasutused,
Keskvalitsus,Haridus- ja Teadusministeerium,77000068,Viimsi Gümnaasium,hallatavad riigiasutused,
Keskvalitsus,Haridus- ja Teadusministeerium,77000157,Paide Gümnaasium,hallatavad riigiasutused,
Keskvalitsus,Kliimaministeerium,77000387,Eesti Geoloogiateenistus,hallatavad riigiasutused,
Keskvalitsus,Haridus- ja Teadusministeerium,77000766,Kohtla-Järve Gümnaasium,hallatavad riigiasutused,
Keskvalitsus,Justiits- ja Digiministeerium,77000826,Patendivolinike Koda,avalik-õiguslikud asutused,
Keskvalitsus,Haridus- ja Teadusministeerium,77001240,Tabasalu Gümnaasium,hallatavad riigiasutused,
Keskvalitsus,Haridus- ja Teadusministeerium,77001263,Saaremaa Gümnaasium,hallatavad riigiasutused,
Keskvalitsus,Haridus- ja Teadusministeerium,77001292,Haridus- ja Noorteamet,riigi ametiasutused,
Keskvalitsus,Haridus- ja Teadusministeerium,77001369,Saue Riigigümnaasium,hallatavad riigiasutused,
Keskvalitsus,Haridus- ja Teadusministeerium,77001375,Rakvere Riigigümnaasium,hallatavad riigiasutused,
Keskvalitsus,Rahandusministeerium,77001412,Rahapesu Andmebüroo,riigi ametiasutused,
Keskvalitsus,Regionaal- ja Põllumajandusministeerium,77001458,Põllumajandus- ja Toiduamet,riigi ametiasutused,
Keskvalitsus,Haridus- ja Teadusministeerium,77001547,Tallinna Mustamäe Riigigümnaasium,hallatavad riigiasutused,
Keskvalitsus,Haridus- ja Teadusministeerium,77001553,Tallinna Pelgulinna Riigigümnaasium,hallatavad riigiasutused,
Keskvalitsus,Haridus- ja Teadusministeerium,77001576,Tallinna Muusika- ja Balletikool,hallatavad riigiasutused,
Keskvalitsus,Haridus- ja Teadusministeerium,77001599,Tallinna Tõnismäe Riigigümnaasium,hallatavad riigiasutused,
Keskvalitsus,Justiits- ja Digiministeerium,77001613,Riigi Info- ja Kommunikatsioonitehnoloogia Keskus,hallatavad riigiasutused,
Keskvalitsus,Haridus- ja Teadusministeerium,77001694,Rae Gümnaasium,hallatavad riigiasutused,
Keskvalitsus,Haridus- ja Teadusministeerium,77001702,Narva Eesti Gümnaasium,hallatavad riigiasutused,
Keskvalitsus,Haridus- ja Teadusministeerium,77001719,Narva Gümnaasium,hallatavad riigiasutused,
Keskvalitsus,Kliimaministeerium,77001814,Riigilaevastik,hallatavad riigiasutused,
Keskvalitsus,Haridus- ja Teadusministeerium,77002015,Kiviõli Riigikool,hallatavad riigiasutused,Registreeritud 01.09.2024
Keskvalitsus,Haridus- ja Teadusministeerium,80010389,Tallinna Tehnikaülikooli Kultuurikeskus,mittetulundusühingud,
Keskvalitsus,Haridus- ja Teadusministeerium,80011466,Tallinna Tehnikaülikooli Spordiklubi,mittetulundusühingud,
Muu avalik sektor,Haridus- ja Teadusministeerium,80012342,Tartu Üliõpilasküla,mittetulundusühingud,
Keskvalitsus,Haridus- ja Teadusministeerium,80037537,Eesti Maaülikooli Spordiklubi,mittetulundusühingud,
Keskvalitsus,Haridus- ja Teadusministeerium,80072321,Mittetulundusühing Tartu Ülikooli Akadeemiline Spordiklubi,mittetulundusühingud,
Keskvalitsus,Haridus- ja Teadusministeerium,80087452,mittetulundusühing Tartu Üliõpilasmaja,mittetulundusühingud,
Muu avalik sektor,Haridus- ja Teadusministeerium,80131259,Mittetulundusühing TTÜ ÜLIÕPILASKÜLA,mittetulundusühingud,
Keskvalitsus,Haridus- ja Teadusministeerium,80139321,Rektorite Nõukogu,mittetulundusühingud,
Muu avalik sektor,Haridus- ja Teadusministeerium,80255108,Mittetulundusühing Dormitorium,mittetulundusühingud,
Keskvalitsus,Haridus- ja Teadusministeerium,80277715,Mittetulundusühing Tallinna Ülikooli Spordiklubi,mittetulundusühingud,
Keskvalitsus,Haridus- ja Teadusministeerium,80567229,Mittetulundusühing Tartu Välismaalaste Teenuskeskus,mittetulundusühingud,
Keskvalitsus,Sotsiaalministeerium,90000145,SIHTASUTUS EESTI PUUETEGA INIMESTE FOND,sihtasutused,
Keskvalitsus,Regionaal- ja Põllumajandusministeerium,90000245,Maaelu Edendamise Sihtasutus,sihtasutused,
Keskvalitsus,Kultuuriministeerium,90000357,SIHTASUTUS EESTI FILMI INSTITUUT,sihtasutused,
Keskvalitsus,Kultuuriministeerium,90000618,Sihtasutus Sakala Teatrimaja,sihtasutused,
Keskvalitsus,Haridus- ja Teadusministeerium,90000759,Sihtasutus Eesti Teadusagentuur,sihtasutused,
Keskvalitsus,Kultuuriministeerium,90000788,Integratsiooni Sihtasutus,sihtasutused,
Muu avalik sektor,Majandus- ja Kommunikatsiooniministeerium,90001121,Sihtasutus Tartu Teaduspark,sihtasutused,
Muu avalik sektor,Haridus- ja Teadusministeerium,90001196,SIHTASUTUS JÄRVSELJA ÕPPE- JA KATSEMETSKOND,sihtasutused,
Keskvalitsus,Sotsiaalministeerium,90001478,sihtasutus Tartu Ülikooli Kliinikum,sihtasutused,
Keskvalitsus,Kultuuriministeerium,90003278,Sihtasutus Virumaa Muuseumid,sihtasutused,
Keskvalitsus,Kultuuriministeerium,90003491,Sihtasutus Rakvere Teatrimaja,sihtasutused,
Keskvalitsus,Sotsiaalministeerium,90003781,Sihtasutus Hea Hoog,sihtasutused,
Keskvalitsus,Sotsiaalministeerium,90004585,Sihtasutus Viljandi Haigla,sihtasutused,
Keskvalitsus,Kultuuriministeerium,90005113,Sihtasutus Jõulumäe Tervisespordikeskus,sihtasutused,
Keskvalitsus,Kultuuriministeerium,90005188,Eesti Laulu- ja Tantsupeo Sihtasutus,sihtasutused,
Keskvalitsus,Kultuuriministeerium,90005426,Sihtasutus KULTUURILEHT,sihtasutused,
Keskvalitsus,Vabariigi Presidendi Kantselei,90005780,Sihtasutus Vabariigi Presidendi Kultuurirahastu,sihtasutused,
Keskvalitsus,Kliimaministeerium,90005946,Sihtasutus Keskkonnainvesteeringute Keskus,sihtasutused,
Keskvalitsus,Majandus- ja Kommunikatsiooniministeerium,90006012,Ettevõtluse ja Innovatsiooni Sihtasutus,sihtasutused,
Keskvalitsus,Justiits- ja Digiministeerium,90006101,Riigiside Sihtasutus,sihtasutused,
Keskvalitsus,Sotsiaalministeerium,90006399,sihtasutus Põhja-Eesti Regionaalhaigla,sihtasutused,
Keskvalitsus,Haridus- ja Teadusministeerium,90006414,Sihtasutus Kutsekoda,sihtasutused,
Keskvalitsus,Haridus- ja Teadusministeerium,90007023,Spordikoolituse ja -Teabe Sihtasutus,sihtasutused,
Keskvalitsus,Vabariigi Presidendi Kantselei,90007081,sihtasutus Eesti Koostöö Kogu,sihtasutused,
Keskvalitsus,Sotsiaalministeerium,90007425,Sihtasutus Jõgeva Haigla,sihtasutused,
Keskvalitsus,Haridus- ja Teadusministeerium,90007572,Sihtasutus Teaduskeskus Ahhaa,sihtasutused,
Keskvalitsus,Kultuuriministeerium,90007715,Sihtasutus Tehvandi Spordikeskus,sihtasutused,
Keskvalitsus,Sotsiaalministeerium,90007945,SIHTASUTUS EESTI TERVISHOIU PILDIPANK,sihtasutused,
Keskvalitsus,Haridus- ja Teadusministeerium,90007980,Sihtasutus Eesti Maaülikooli Joosep Tootsi Fond,sihtasutused,
Keskvalitsus,Kultuuriministeerium,90008005,Sihtasutus Ugala Teater,sihtasutused,
Keskvalitsus,Sotsiaalministeerium,90008123,Sihtasutus Haapsalu Neuroloogiline Rehabilitatsioonikeskus,sihtasutused,
Muu avalik sektor,Majandus- ja Kommunikatsiooniministeerium ,90008258,Sihtasutus Tallinna Teaduspark TEHNOPOL,sihtasutused,
Keskvalitsus,Kultuuriministeerium,90008264,Sihtasutus Eesti Draamateater,sihtasutused,
Keskvalitsus,Kultuuriministeerium,90008666,Sihtasutus Südalinna Teater,sihtasutused,
Keskvalitsus,Kaitseministeerium,90009217,Sihtasutus Rahvusvaheline Kaitseuuringute Keskus,sihtasutused,
Keskvalitsus,Siseministeerium,90009654,Sihtasutus Kodanikuühiskonna Sihtkapital,sihtasutused,
Keskvalitsus,Majandus- ja Kommunikatsiooniministeerium,90010019,Eesti Interneti Sihtasutus,sihtasutused,
Keskvalitsus,Haridus- ja Teadusministeerium,90010137,Läänemaa Elukeskkonna Tuleviku - uuringute Sihtasutus,sihtasutused,
Keskvalitsus,Kultuuriministeerium,90010769,Sihtasutus Endla Teater,sihtasutused,
Keskvalitsus,Kultuuriministeerium,90011065,Sihtasutus Teater Vanemuine,sihtasutused,
Keskvalitsus,Kultuuriministeerium,90011094,Sihtasutus Eesti Noorsooteater,sihtasutused,
Keskvalitsus,Haridus- ja Teadusministeerium,90011326,Sihtasutus Eesti Maaülikooli Mahekeskus,sihtasutused,
Keskvalitsus,Kultuuriministeerium,90011481,Sihtasutus Narva Muuseum,sihtasutused,
Keskvalitsus,Haridus- ja Teadusministeerium,90012372,Eesti Kunstiakadeemia Sihtasutus,sihtasutused,
Keskvalitsus,Kultuuriministeerium,90012432,Sihtasutus Haapsalu ja Läänemaa Muuseumid,sihtasutused,
Keskvalitsus,Kultuuriministeerium,90012573,Sihtasutus Eesti Tervishoiu Muuseum,sihtasutused,
Keskvalitsus,Kultuuriministeerium,90012585,Sihtasutus Eesti Vabaõhumuuseum,sihtasutused,
Keskvalitsus,Kultuuriministeerium,90012596,Sihtasutus Eesti Kontsert,sihtasutused,
Keskvalitsus,Kultuuriministeerium,90012610,Sihtasutus Eesti Riiklik Sümfooniaorkester,sihtasutused,
Keskvalitsus,Kultuuriministeerium,90012892,Sihtasutus Hiiumaa Muuseumid,sihtasutused,
Keskvalitsus,Kultuuriministeerium,90012933,Sihtasutus Eesti Filharmoonia Kammerkoor,sihtasutused,
Keskvalitsus,Sotsiaalministeerium,90013035,Sihtasutus Raplamaa Haigla,sihtasutused,
Keskvalitsus,Sotsiaalministeerium,90013058,sihtasutus Läänemaa Haigla,sihtasutused,
Keskvalitsus,Kultuuriministeerium,90013147,Sihtasutus Pärnu Muuseum,sihtasutused,
Keskvalitsus,Kultuuriministeerium,90013360,Sihtasutus Eesti Spordi- ja Olümpiamuuseum,sihtasutused,
Keskvalitsus,Kultuuriministeerium,90013414,Sihtasutus Eesti Kunstimuuseum,sihtasutused,
Keskvalitsus,Kultuuriministeerium,90013667,Sihtasutus Eesti Meremuuseum,sihtasutused,
Keskvalitsus,Sotsiaalministeerium,90013880,sihtasutus Hiiumaa Haigla,sihtasutused,
Keskvalitsus,Kultuuriministeerium,90013957,Sihtasutus Saaremaa Muuseum,sihtasutused,
Keskvalitsus,Regionaal- ja Põllumajandusministeerium,90014017,Sihtasutus Eesti Maaelumuuseumid,sihtasutused,
Keskvalitsus,Haridus- ja Teadusministeerium,90014164,Sihtasutus Eesti Muusika- ja Teatriakadeemia Fond,sihtasutused,
Keskvalitsus,Sotsiaalministeerium,90014230,Haapsalu Neuroloogilise Rehabilitatsioonikeskuse Toetusfond Sihtasutus,sihtasutused,
Keskvalitsus,Haridus- ja Teadusministeerium,90014537,Sihtasutus Euroopa Kool,sihtasutused,
Keskvalitsus,Kultuuriministeerium,90014603,Sihtasutus Eesti Ajaloomuuseum,sihtasutused,
Keskvalitsus,Kultuuriministeerium,90014655,Sihtasutus Rannarootsi Muuseum,sihtasutused,
Keskvalitsus,Kaitseministeerium,90015175,Sihtasutus CR14,sihtasutused,
Keskvalitsus,Välisministeerium,90015347,Sihtasutus Eesti Rahvusvahelise Arengukoostöö Keskus,sihtasutused,
Keskvalitsus,Haridus- ja Teadusministeerium,90015620,Sihtasutus Tallinna Ülikooli Rahastu,sihtasutused,
Keskvalitsus,Haridus- ja Teadusministeerium,90015850,Sihtasutus Artur Nilsoni Fond,sihtasutused,
Keskvalitsus,Kultuuriministeerium,90016074,Sihtasutus Tartu Kunstimuuseum,sihtasutused,
Keskvalitsus,Kultuuriministeerium,90016097,Sihtasutus Eesti Tarbekunsti- ja Disainimuuseum,sihtasutused,
Keskvalitsus,Kultuuriministeerium,90016105,Sihtasutus Eesti Arhitektuurimuuseum,sihtasutused,
Keskvalitsus,Regionaal- ja Põllumajandusministeerium,77002179,Regionaal- ja Põllumajandusministeeriumi Infotehnoloogia Keskus,hallatavad riigiasutused,Registreeritud 05.06.2025
Keskvalitsus,Haridus- ja Teadusministeerium,77002191,Maarjamaa Riigikool,hallatavad riigiasutused,Registreeritud 01.07.2025
